<?xml version="1.0" encoding="UTF-8"?>
<ApexPage xmlns="http://soap.sforce.com/2006/04/metadata">
    <apiVersion>40.0</apiVersion>
    <availableInTouch>true</availableInTouch>
    <confirmationTokenRequired>false</confirmationTokenRequired>
    <label>GoogleCalendarActions</label>
    <packageVersions>
        <majorNumber>10</majorNumber>
        <minorNumber>0</minorNumber>
        <namespace>ca_collab_2_0</namespace>
    </packageVersions>
    <packageVersions>
        <majorNumber>2</majorNumber>
        <minorNumber>9</minorNumber>
        <namespace>dlrs</namespace>
    </packageVersions>
    <packageVersions>
        <majorNumber>1</majorNumber>
        <minorNumber>0</minorNumber>
        <namespace>mwidget</namespace>
    </packageVersions>
    <packageVersions>
        <majorNumber>1</majorNumber>
        <minorNumber>14</minorNumber>
        <namespace>sf_chttr_apps</namespace>
    </packageVersions>
    <packageVersions>
        <majorNumber>1</majorNumber>
        <minorNumber>7</minorNumber>
        <namespace>sf_com_apps</namespace>
    </packageVersions>
</ApexPage>
